Workbook

Sheet EV_Target_Data
A1: EV_ID | B1: Month | C1: Year | D1: Quarter | E1: EV_Type | F1: Vehicle_Segment | G1: Brand | H1: Region | I1: State | J1: Target_Units | K1: Actual_Units | L1: Target_Revenue_INR | M1: Actual_Revenue_INR | N1: Achievement_% | O1: Charging_Stations | P1: Avg_Range_KM | Q1: Is_Target_Met
A2: EV0001 | B2: January | C2: 2023 | D2: Q1 | E2: BEV | F2: Passenger Car | G2: Ola Electric | H2: North | I2: Delhi | J2: 2328 | K2: 1824 | L2: 1187035560 | M2: 930048480 | N2: =IF(J2=0,0,K2/J2) | O2: 80 | P2: 224 | Q2: No
A3: EV0002 | B3: January | C3: 2023 | D3: Q1 | E3: BEV | F3: 2-Wheeler | G3: MG Motor | H3: South | I3: Telangana | J3: 2291 | K3: 1923 | L3: 438266009 | M3: 367867977 | N3: =IF(J3=0,0,K3/J3) | O3: 96 | P3: 281 | Q3: No
A4: EV0003 | B4: January | C4: 2023 | D4: Q1 | E4: BEV | F4: SUV | G4: Bajaj | H4: East | I4: Jharkhand | J4: 2778 | K4: 3293 | L4: 297959946 | M4: 353197301 | N4: =IF(J4=0,0,K4/J4) | O4: 94 | P4: 261 | Q4: Yes
A5: EV0004 | B5: January | C5: 2023 | D5: Q1 | E5: PHEV | F5: Passenger Car | G5: Hyundai | H5: West | I5: Goa | J5: 2263 | K5: 2883 | L5: 3375895877 | M5: 4300798857 | N5: =IF(J5=0,0,K5/J5) | O5: 16 | P5: 56 | Q5: Yes
A6: EV0005 | B6: January | C6: 2023 | D6: Q1 | E6: BEV | F6: Passenger Car | G6: Hero Electric | H6: Central | I6: Chhattisgarh | J6: 2666 | K6: 3157 | L6: 5350574022 | M6: 6335994819 | N6: =IF(J6=0,0,K6/J6) | O6: 53 | P6: 243 | Q6: Yes
A7: EV0006 | B7: February | C7: 2023 | D7: Q1 | E7: HEV | F7: Passenger Car | G7: Bajaj | H7: North | I7: Delhi | J7: 3462 | K7: 3622 | L7: 1286946570 | M7: 1346424170 | N7: =IF(J7=0,0,K7/J7) | O7: 10 | P7: 0 | Q7: Yes
A8: EV0007 | B8: February | C8: 2023 | D8: Q1 | E8: PHEV | F8: 2-Wheeler | G8: Ola Electric | H8: South | I8: Karnataka | J8: 1327 | K8: 1231 | L8: 2629768980 | M8: 2439521940 | N8: =IF(J8=0,0,K8/J8) | O8: 111 | P8: 90 | Q8: No
A9: EV0008 | B9: February | C9: 2023 | D9: Q1 | E9: BEV | F9: Passenger Car | G9: Hero Electric | H9: East | I9: Bihar | J9: 2216 | K9: 2442 | L9: 840934328 | M9: 926697486 | N9: =IF(J9=0,0,K9/J9) | O9: 73 | P9: 267 | Q9: Yes
A10: EV0009 | B10: February | C10: 2023 | D10: Q1 | E10: BEV | F10: SUV | G10: Mahindra | H10: West | I10: Gujarat | J10: 2711 | K10: 3507 | L10: 6549819376 | M10: 8472968112 | N10: =IF(J10=0,0,K10/J10) | O10: 92 | P10: 292 | Q10: Yes
A11: EV0010 | B11: February | C11: 2023 | D11: Q1 | E11: BEV | F11: 3-Wheeler | G11: Tata Motors | H11: Central | I11: Chhattisgarh | J11: 3084 | K11: 2901 | L11: 1102884660 | M11: 1037441115 | N11: =IF(J11=0,0,K11/J11) | O11: 77 | P11: 288 | Q11: No
A12: EV0011 | B12: March | C12: 2023 | D12: Q1 | E12: BEV | F12: SUV | G12: Mahindra | H12: North | I12: Punjab | J12: 4258 | K12: 3345 | L12: 2834346216 | M12: 2226605940 | N12: =IF(J12=0,0,K12/J12) | O12: 100 | P12: 306 | Q12: No
A13: EV0012 | B13: March | C13: 2023 | D13: Q1 | E13: HEV | F13: Commercial | G13: Mahindra | H13: South | I13: Kerala | J13: 3771 | K13: 3458 | L13: 2489633055 | M13: 2282988890 | N13: =IF(J13=0,0,K13/J13) | O13: 70 | P13: 0 | Q13: No
... A181: EV0180 | B181: December | C181: 2025 | D181: Q4 | E181: HEV | F181: Commercial | G181: Tata Motors | H181: Central | I181: Chhattisgarh | J181: 3241 | K181: 2396 | L181: 1543967026 | M181: 1141420856 | N181: =IF(J181=0,0,K181/J181) | O181: 76 | P181: 0 | Q181: No

Sheet Summary
A1: EV Target Data — Summary
A3: Total Records | B3: =COUNTA(EV_Target_Data!A2:A10000)-1
A4: Total Target Units | B4: =SUM(EV_Target_Data!J:J)
A5: Total Actual Units | B5: =SUM(EV_Target_Data!K:K)
A6: Overall Achievement | B6: =IFERROR(SUM(EV_Target_Data!K:K)/SUM(EV_Target_Data!J:J),0)
A7: Target Met Count | B7: =COUNTIF(EV_Target_Data!Q:Q,"Yes")
A8: Target Missed Count | B8: =COUNTIF(EV_Target_Data!Q:Q,"No")
A9: Total Target Revenue (₹) | B9: =SUM(EV_Target_Data!L:L)
A10: Total Actual Revenue (₹) | B10: =SUM(EV_Target_Data!M:M)
